0001,1
0002,2
0003,3
0004,4
0005,5
0006,6
0007,7
0008,8
0009,9
0010,10
0011,11
0012,12
0013,13
0014,14
0015,15
0016,16
0017,17
0018,18
0019,19
0020,20
0021,21
0022,22
0023,23
0024,24
0025,25
0026,26
0027,27
0028,28
0029,29
0030,30
0031,31
0032,32
0033,33
0034,34
0035,35
0036,36
0037,37
0038,38
0039,39
0040,40
0041,41
0042,42
0043,43
0044,44
0045,45
0046,46
0047,47
0048,48
0049,49
0050,50
0051,51
0052,52
0053,53
0054,54
0055,55
0056,56
0057,57
0058,58
0059,59
0060,60
0061,61
0062,62
0063,63
0064,64
0065,65
0066,66
0067,67
0068,68
0069,69
0070,70
0071,71
0072,72
0073,73
0074,74
0075,75
0076,76
0077,77
0078,78
0079,79
0080,80
0081,81
0082,82
0083,83
0084,84
0085,85
0086,86
0087,87
0088,88
0089,89
0090,90
0091,91
0092,92
0093,93
0094,94
0095,95
0096,96
0097,97
0098,98
0099,99
001H,100
1H01,101
1H02,102
1H03,103
1H04,104
1H05,105
1H06,106
1H07,107
1H08,108
1H09,109
01H1,110
1H11,111
1H12,112
1H13,113
1H14,114
1H15,115
1H16,116
1H17,117
1H18,118
1H19,119
01H2,120
1H21,121
1H22,122
1H23,123
1H24,124
1H25,125
1H26,126
1H27,127
1H28,128
1H29,129
01H3,130
1H31,131
1H32,132
1H33,133
1H34,134
1H35,135
1H36,136
1H37,137
1H38,138
1H39,139
01H4,140
1H41,141
1H42,142
1H43,143
1H44,144
1H45,145
1H46,146
1H47,147
1H48,148
1H49,149
01H5,150
1H51,151
1H52,152
1H53,153
1H54,154
1H55,155
1H56,156
1H57,157
1H58,158
1H59,159
01H6,160
1H61,161
1H62,162
1H63,163
1H64,164
1H65,165
1H66,166
1H67,167
1H68,168
1H69,169
01H7,170
1H71,171
1H72,172
1H73,173
1H74,174
1H75,175
1H76,176
1H77,177
1H78,178
1H79,179
01H8,180
1H81,181
1H82,182
1H83,183
1H84,184
1H85,185
1H86,186
1H87,187
1H88,188
1H89,189
01H9,190
1H91,191
1H92,192
1H93,193
1H94,194
1H95,195
1H96,196
1H97,197
1H98,198
1H99,199
002H,200
2H01,201
2H02,202
2H03,203
2H04,204
2H05,205
2H06,206
2H07,207
2H08,208
2H09,209
02H1,210
2H11,211
2H12,212
2H13,213
2H14,214
2H15,215
2H16,216
2H17,217
2H18,218
2H19,219
02H2,220
2H21,221
2H22,222
2H23,223
2H24,224
2H25,225
2H26,226
2H27,227
2H28,228
2H29,229
02H3,230
2H31,231
2H32,232
2H33,233
2H34,234
2H35,235
2H36,236
2H37,237
2H38,238
2H39,239
02H4,240
2H41,241
2H42,242
2H43,243
2H44,244
2H45,245
2H46,246
2H47,247
2H48,248
2H49,249
02H5,250
2H51,251
2H52,252
2H53,253
2H54,254
2H55,255
2H56,256
2H57,257
2H58,258
2H59,259
02H6,260
2H61,261
2H62,262
2H63,263
2H64,264
2H65,265
2H66,266
2H67,267
2H68,268
2H69,269
02H7,270
2H71,271
2H72,272
2H73,273
2H74,274
2H75,275
2H76,276
2H77,277
2H78,278
2H79,279
02H8,280
2H81,281
2H82,282
2H83,283
2H84,284
2H85,285
2H86,286
2H87,287
2H88,288
2H89,289
02H9,290
2H91,291
2H92,292
2H93,293
2H94,294
2H95,295
2H96,296
2H97,297
2H98,298
2H99,299
003H,300
3H01,301
3H02,302
3H03,303
3H04,304
3H05,305
3H06,306
3H07,307
3H08,308
3H09,309
03H1,310
3H11,311
3H12,312
3H13,313
3H14,314
3H15,315
3H16,316
3H17,317
3H18,318
3H19,319
03H2,320
3H21,321
3H22,322
3H23,323
3H24,324
3H25,325
3H26,326
3H27,327
3H28,328
3H29,329
03H3,330
3H31,331
3H32,332
3H33,333
3H34,334
3H35,335
3H36,336
3H37,337
3H38,338
3H39,339
03H4,340
3H41,341
3H42,342
3H43,343
3H44,344
3H45,345
3H46,346
3H47,347
3H48,348
3H49,349
03H5,350
3H51,351
3H52,352
3H53,353
3H54,354
3H55,355
3H56,356
3H57,357
3H58,358
3H59,359
03H6,360
3H61,361
3H62,362
3H63,363
3H64,364
3H65,365
3H66,366
3H67,367
3H68,368
3H69,369
03H7,370
3H71,371
3H72,372
3H73,373
3H74,374
3H75,375
3H76,376
3H77,377
3H78,378
3H79,379
03H8,380
3H81,381
3H82,382
3H83,383
3H84,384
3H85,385
3H86,386
3H87,387
3H88,388
3H89,389
03H9,390
3H91,391
3H92,392
3H93,393
3H94,394
3H95,395
3H96,396
3H97,397
3H98,398
3H99,399
004H,400
4H01,401
4H02,402
4H03,403
4H04,404
4H05,405
4H06,406
4H07,407
4H08,408
4H09,409
04H1,410
4H11,411
4H12,412
4H13,413
4H14,414
4H15,415
4H16,416
4H17,417
4H18,418
4H19,419
04H2,420
4H21,421
4H22,422
4H23,423
4H24,424
4H25,425
4H26,426
4H27,427
4H28,428
4H29,429
04H3,430
4H31,431
4H32,432
4H33,433
4H34,434
4H35,435
4H36,436
4H37,437
4H38,438
4H39,439
04H4,440
4H41,441
4H42,442
4H43,443
4H44,444
4H45,445
4H46,446
4H47,447
4H48,448
4H49,449
04H5,450
4H51,451
4H52,452
4H53,453
4H54,454
4H55,455
4H56,456
4H57,457
4H58,458
4H59,459
04H6,460
4H61,461
4H62,462
4H63,463
4H64,464
4H65,465
4H66,466
4H67,467
4H68,468
4H69,469
04H7,470
4H71,471
4H72,472
4H73,473
4H74,474
4H75,475
4H76,476
4H77,477
4H78,478
4H79,479
04H8,480
4H81,481
4H82,482
4H83,483
4H84,484
4H85,485
4H86,486
4H87,487
4H88,488
4H89,489
04H9,490
4H91,491
4H92,492
4H93,493
4H94,494
4H95,495
4H96,496
4H97,497
4H98,498
4H99,499
005H,500
5H01,501
5H02,502
5H03,503
5H04,504
5H05,505
5H06,506
5H07,507
5H08,508
5H09,509
05H1,510
5H11,511
5H12,512
5H13,513
5H14,514
5H15,515
5H16,516
5H17,517
5H18,518
5H19,519
05H2,520
5H21,521
5H22,522
5H23,523
5H24,524
5H25,525
5H26,526
5H27,527
5H28,528
5H29,529
05H3,530
5H31,531
5H32,532
5H33,533
5H34,534
5H35,535
5H36,536
5H37,537
5H38,538
5H39,539
05H4,540
5H41,541
5H42,542
5H43,543
5H44,544
5H45,545
5H46,546
5H47,547
5H48,548
5H49,549
05H5,550
5H51,551
5H52,552
5H53,553
5H54,554
5H55,555
5H56,556
5H57,557
5H58,558
5H59,559
05H6,560
5H61,561
5H62,562
5H63,563
5H64,564
5H65,565
5H66,566
5H67,567
5H68,568
5H69,569
05H7,570
5H71,571
5H72,572
5H73,573
5H74,574
5H75,575
5H76,576
5H77,577
5H78,578
5H79,579
05H8,580
5H81,581
5H82,582
5H83,583
5H84,584
5H85,585
5H86,586
5H87,587
5H88,588
5H89,589
05H9,590
5H91,591
5H92,592
5H93,593
5H94,594
5H95,595
5H96,596
5H97,597
5H98,598
5H99,599
006H,600
6H01,601
6H02,602
6H03,603
6H04,604
6H05,605
6H06,606
6H07,607
6H08,608
6H09,609
6H10,610
6H11,611
6H12,612
6H13,613
6H14,614
6H15,615
6H16,616
6H17,617
6H18,618
6H19,619
6H20,620
6H21,621
6H22,622
6H23,623
6H24,624
6H25,625
6H26,626
6H27,627
6H28,628
6H29,629
6H30,630
6H31,631
6H32,632
6H33,633
6H34,634
6H35,635
6H36,636
6H37,637
6H38,638
6H39,639
6H40,640
6H41,641
6H42,642
6H43,643
6H44,644
6H45,645
6H46,646
6H47,647
6H48,648
6H49,649
6H50,650
6H51,651
6H52,652
6H53,653
6H54,654
6H55,655
6H56,656
6H57,657
6H58,658
6H59,659
6H60,660
6H61,661
6H62,662
6H63,663
6H64,664
6H65,665
6H66,666
6H67,667
6H68,668
6H69,669
6H70,670
6H71,671
6H72,672
6H73,673
6H74,674
6H75,675
6H76,676
6H77,677
6H78,678
6H79,679
6H80,680
6H81,681
6H82,682
6H83,683
6H84,684
6H85,685
6H86,686
6H87,687
6H88,688
6H89,689
6H90,690
6H91,691
6H92,692
6H93,693
6H94,694
6H95,695
6H96,696
6H97,697
6H98,698
6H99,699
007H,700
7H01,701
7H02,702
7H03,703
7H04,704
7H05,705
7H06,706
7H07,707
7H08,708
7H09,709
07H1,710
7H11,711
7H12,712
7H13,713
7H14,714
7H15,715
7H16,716
7H17,717
7H18,718
7H19,719
07H2,720
7H21,721
7H22,722
7H23,723
7H24,724
7H25,725
7H26,726
7H27,727
7H28,728
7H29,729
07H3,730
7H31,731
7H32,732
7H33,733
7H34,734
7H35,735
7H36,736
7H37,737
7H38,738
7H39,739
07H4,740
7H41,741
7H42,742
7H43,743
7H44,744
7H45,745
7H46,746
7H47,747
7H48,748
7H49,749
07H5,750
7H51,751
7H52,752
7H53,753
7H54,754
7H55,755
7H56,756
7H57,757
7H58,758
7H59,759
07H6,760
7H61,761
7H62,762
7H63,763
7H64,764
7H65,765
7H66,766
7H67,767
7H68,768
7H69,769
07H7,770
7H71,771
7H72,772
7H73,773
7H74,774
7H75,775
7H76,776
7H77,777
7H78,778
7H79,779
07H8,780
7H81,781
7H82,782
7H83,783
7H84,784
7H85,785
7H86,786
7H87,787
7H88,788
7H89,789
07H9,790
7H91,791
7H92,792
7H93,793
7H94,794
7H95,795
7H96,796
7H97,797
7H98,798
7H99,799
008H,800
8H01,801
8H02,802
8H03,803
8H04,804
8H05,805
8H06,806
8H07,807
8H08,808
8H09,809
08H1,810
8H11,811
8H12,812
8H13,813
8H14,814
8H15,815
8H16,816
8H17,817
8H18,818
8H19,819
08H2,820
8H21,821
8H22,822
8H23,823
8H24,824
8H25,825
8H26,826
8H27,827
8H28,828
8H29,829
08H3,830
8H31,831
8H32,832
8H33,833
8H34,834
8H35,835
8H36,836
8H37,837
8H38,838
8H39,839
08H4,840
8H41,841
8H42,842
8H43,843
8H44,844
8H45,845
8H46,846
8H47,847
8H48,848
8H49,849
08H5,850
8H51,851
8H52,852
8H53,853
8H54,854
8H55,855
8H56,856
8H57,857
8H58,858
8H59,859
08H6,860
8H61,861
8H62,862
8H63,863
8H64,864
8H65,865
8H66,866
8H67,867
8H68,868
8H69,869
08H7,870
8H71,871
8H72,872
8H73,873
8H74,874
8H75,875
8H76,876
8H77,877
8H78,878
8H79,879
08H8,880
8H81,881
8H82,882
8H83,883
8H84,884
8H85,885
8H86,886
8H87,887
8H88,888
8H89,889
08H9,890
8H91,891
8H92,892
8H93,893
8H94,894
8H95,895
8H96,896
8H97,897
8H98,898
8H99,899
009H,900
9H01,901
9H02,902
9H03,903
9H04,904
9H05,905
9H06,906
9H07,907
9H08,908
9H09,909
09H1,910
9H11,911
9H12,912
9H13,913
9H14,914
9H15,915
9H16,916
9H17,917
9H18,918
9H19,919
09H2,920
9H21,921
9H22,922
9H23,923
9H24,924
9H25,925
9H26,926
9H27,927
9H28,928
9H29,929
09H3,930
9H31,931
9H32,932
9H33,933
9H34,934
9H35,935
9H36,936
9H37,937
9H38,938
9H39,939
09H4,940
9H41,941
9H42,942
9H43,943
9H44,944
9H45,945
9H46,946
9H47,947
9H48,948
9H49,949
09H5,950
9H51,951
9H52,952
9H53,953
9H54,954
9H55,955
9H56,956
9H57,957
9H58,958
9H59,959
09H6,960
9H61,961
9H62,962
9H63,963
9H64,964
9H65,965
9H66,966
9H67,967
9H68,968
9H69,969
09H7,970
9H71,971
9H72,972
9H73,973
9H74,974
9H75,975
9H76,976
9H77,977
9H78,978
9H79,979
09H8,980
9H81,981
9H82,982
9H83,983
9H84,984
9H85,985
9H86,986
9H87,987
9H88,988
9H89,989
09H9,990
9H91,991
9H92,992
9H93,993
9H94,994
9H95,995
9H96,996
9H97,997
9H98,998
9H99,999
001K,1000
1K01,1010
1K02,1020
1K03,1030
1K04,1040
1K05,1050
1K06,1060
1K07,1070
1K08,1080
1K09,1090
01K2,1100
1K11,1110
1K12,1120
1K13,1130
1K14,1140
1K15,1150
1K16,1160
1K17,1170
1K18,1180
1K19,1190
01K2,1200
1K21,1210
1K22,1220
1K23,1230
1K24,1240
1K25,1250
1K26,1260
1K27,1270
1K28,1280
1K29,1290
01K3,1300
1K31,1310
1K32,1320
1K33,1330
1K34,1340
1K35,1350
1K36,1360
1K37,1370
1K38,1380
1K39,1390
01K4,1400
1K41,1410
1K42,1420
1K43,1430
1K44,1440
1K45,1450
1K46,1460
1K47,1470
1K48,1480
1K49,1490
01K5,1500
1K51,1510
1K52,1520
1K53,1530
1K54,1540
1K55,1550
1K56,1560
1K57,1570
1K58,1580
1K59,1590
01K6,1600
1K61,1610
1K62,1620
1K63,1630
1K64,1640
1K65,1650
1K66,1660
1K67,1670
1K68,1680
1K69,1690
01K7,1700
1K71,1710
1K72,1720
1K73,1730
1K74,1740
1K75,1750
1K76,1760
1K77,1770
1K78,1780
1K79,1790
01K8,1800
1K81,1810
1K82,1820
1K83,1830
1K84,1840
1K85,1850
1K86,1860
1K87,1870
1K88,1880
1K89,1890
01K9,1900
1K91,1910
1K92,1920
1K93,1930
1K94,1940
1K95,1950
1K96,1960
1K97,1970
1K98,1980
1K99,1990
002K,2000
2K01,2010
2K02,2020
2K03,2030
2K04,2040
2K05,2050
2K06,2060
2K07,2070
2K08,2080
2K09,2090
02K1,2100
2K11,2110
2K12,2120
2K13,2130
2K14,2140
2K15,2150
2K16,2160
2K17,2170
2K18,2180
2K19,2190
02K2,2200
2K21,2210
2K22,2220
2K23,2230
2K24,2240
2K25,2250
2K26,2260
2K27,2270
2K28,2280
2K29,2290
02K3,2300
2K31,2310
2K32,2320
2K33,2330
2K34,2340
2K35,2350
2K36,2360
2K37,2370
2K38,2380
2K39,2390
02K4,2400
2K41,2410
2K42,2420
2K43,2430
2K44,2440
2K45,2450
2K46,2460
2K47,2470
2K48,2480
2K49,2490
02K5,2500
2K51,2510
2K52,2520
2K53,2530
2K54,2540
2K55,2550
2K56,2560
2K57,2570
2K58,2580
2K59,2590
02K6,2600
2K61,2610
2K62,2620
2K63,2630
2K64,2640
2K65,2650
2K66,2660
2K67,2670
2K68,2680
2K69,2690
02K7,2700
2K71,2710
2K72,2720
2K73,2730
2K74,2740
2K75,2750
2K76,2760
2K77,2770
2K78,2780
2K79,2790
02K8,2800
2K81,2810
2K82,2820
2K83,2830
2K84,2840
2K85,2850
2K86,2860
2K87,2870
2K88,2880
2K89,2890
02K9,2900
2K91,2910
2K92,2920
2K93,2930
2K94,2940
2K95,2950
2K96,2960
2K97,2970
2K98,2980
2K99,2990
003K,3000
3K01,3010
3K02,3020
3K03,3030
3K04,3040
3K05,3050
3K06,3060
3K07,3070
3K08,3080
3K09,3090
03K1,3100
3K11,3110
3K12,3120
3K13,3130
3K14,3140
3K15,3150
3K16,3160
3K17,3170
3K18,3180
3K19,3190
03K2,3200
3K21,3210
3K22,3220
3K23,3230
3K24,3240
3K25,3250
3K26,3260
3K27,3270
3K28,3280
3K29,3290
03K3,3300
3K31,3310
3K32,3320
3K33,3330
3K34,3340
3K35,3350
3K36,3360
3K37,3370
3K38,3380
3K39,3390
03K4,3400
3K41,3410
3K42,3420
3K43,3430
3K44,3440
3K45,3450
3K46,3460
3K47,3470
3K48,3480
3K49,3490
03K5,3500
3K51,3510
3K52,3520
3K53,3530
3K54,3540
3K55,3550
3K56,3560
3K57,3570
3K58,3580
3K59,3590
03K6,3600
3K61,3610
3K62,3620
3K63,3630
3K64,3640
3K65,3650
3K66,3660
3K67,3670
3K68,3680
3K69,3690
03K7,3700
3K71,3710
3K72,3720
3K73,3730
3K74,3740
3K75,3750
3K76,3760
3K77,3770
3K78,3780
3K79,3790
03K8,3800
3K81,3810
3K82,3820
3K83,3830
3K84,3840
3K85,3850
3K86,3860
3K87,3870
3K88,3880
3K89,3890
03K9,3900
3K91,3910
3K92,3920
3K93,3930
3K94,3940
3K95,3950
3K96,3960
3K97,3970
3K98,3980
3K99,3990
004K,4000
4K01,4010
4K02,4020
4K03,4030
4K04,4040
4K05,4050
4K06,4060
4K07,4070
4K08,4080
4K09,4090
04K1,4100
4K11,4110
4K12,4120
4K13,4130
4K14,4140
4K15,4150
4K16,4160
4K17,4170
4K18,4180
4K19,4190
04K2,4200
4K21,4210
4K22,4220
4K23,4230
4K24,4240
4K25,4250
4K26,4260
4K27,4270
4K28,4280
4K29,4290
04K3,4300
4K31,4310
4K32,4320
4K33,4330
4K34,4340
4K35,4350
4K36,4360
4K37,4370
4K38,4380
4K39,4390
04K4,4400
4K41,4410
4K42,4420
4K43,4430
4K44,4440
4K45,4450
4K46,4460
4K47,4470
4K48,4480
4K49,4490
04K5,4500
4K51,4510
4K52,4520
4K53,4530
4K54,4540
4K55,4550
4K56,4560
4K57,4570
4K58,4580
4K59,4590
04K6,4600
4K61,4610
4K62,4620
4K63,4630
4K64,4640
4K65,4650
4K66,4660
4K67,4670
4K68,4680
4K69,4690
04K7,4700
4K71,4710
4K72,4720
4K73,4730
4K74,4740
4K75,4750
4K76,4760
4K77,4770
4K78,4780
4K79,4790
04K8,4800
4K81,4810
4K82,4820
4K83,4830
4K84,4840
4K85,4850
4K86,4860
4K87,4870
4K88,4880
4K89,4890
04K9,4900
4K91,4910
4K92,4920
4K93,4930
4K94,4940
4K95,4950
4K96,4960
4K97,4970
4K98,4980
4K99,4990
005K,5000
5K01,5010
5K02,5020
5K03,5030
5K04,5040
5K05,5050
5K06,5060
5K07,5070
5K08,5080
5K09,5090
05K1,5100
5K11,5110
5K12,5120
5K13,5130
5K14,5140
5K15,5150
5K16,5160
5K17,5170
5K18,5180
5K19,5190
05K2,5200
5K21,5210
5K22,5220
5K23,5230
5K24,5240
5K25,5250
5K26,5260
5K27,5270
5K28,5280
5K29,5290
05K3,5300
5K31,5310
5K32,5320
5K33,5330
5K34,5340
5K35,5350
5K36,5360
5K37,5370
5K38,5380
5K39,5390
05K4,5400
5K41,5410
5K42,5420
5K43,5430
5K44,5440
5K45,5450
5K46,5460
5K47,5470
5K48,5480
5K49,5490
05K5,5500
5K51,5510
5K52,5520
5K53,5530
5K54,5540
5K55,5550
5K56,5560
5K57,5570
5K58,5580
5K59,5590
05K6,5600
5K61,5610
5K62,5620
5K63,5630
5K64,5640
5K65,5650
5K66,5660
5K67,5670
5K68,5680
5K69,5690
05K7,5700
5K71,5710
5K72,5720
5K73,5730
5K74,5740
5K75,5750
5K76,5760
5K77,5770
5K78,5780
5K79,5790
05K8,5800
5K81,5810
5K82,5820
5K83,5830
5K84,5840
5K85,5850
5K86,5860
5K87,5870
5K88,5880
5K89,5890
05K9,5900
5K91,5910
5K92,5920
5K93,5930
5K94,5940
5K95,5950
5K96,5960
5K97,5970
5K98,5980
5K99,5990
006K,6000
6K01,6010
6K02,6020
6K03,6030
6K04,6040
6K05,6050
6K06,6060
6K07,6070
6K08,6080
6K09,6090
06K1,6100
6K11,6110
6K12,6120
6K13,6130
6K14,6140
6K15,6150
6K16,6160
6K17,6170
6K18,6180
6K19,6190
06K2,6200
6K21,6210
6K22,6220
6K23,6230
6K24,6240
6K25,6250
6K26,6260
6K27,6270
6K28,6280
6K29,6290
06K3,6300
6K31,6310
6K32,6320
6K33,6330
6K34,6340
6K35,6350
6K36,6360
6K37,6370
6K38,6380
6K39,6390
06K4,6400
6K41,6410
6K42,6420
6K43,6430
6K44,6440
6K45,6450
6K46,6460
6K47,6470
6K48,6480
6K49,6490
06K5,6500
6K51,6510
6K52,6520
6K53,6530
6K54,6540
6K55,6550
6K56,6560
6K57,6570
6K58,6580
6K59,6590
06K6,6600
6K61,6610
6K62,6620
6K63,6630
6K64,6640
6K65,6650
6K66,6660
6K67,6670
6K68,6680
6K69,6690
06K7,6700
6K71,6710
6K72,6720
6K73,6730
6K74,6740
6K75,6750
6K76,6760
6K77,6770
6K78,6780
6K79,6790
06K8,6800
6K81,6810
6K82,6820
6K83,6830
6K84,6840
6K85,6850
6K86,6860
6K87,6870
6K88,6880
6K89,6890
06K9,6900
6K91,6910
6K92,6920
6K93,6930
6K94,6940
6K95,6950
6K96,6960
6K97,6970
6K98,6980
6K99,6990
007K,7000
7K01,7010
7K02,7020
7K03,7030
7K04,7040
7K05,7050
7K06,7060
7K07,7070
7K08,7080
7K09,7090
07K1,7100
7K11,7110
7K12,7120
7K13,7130
7K14,7140
7K15,7150
7K16,7160
7K17,7170
7K18,7180
7K19,7190
07K2,7200
7K21,7210
7K22,7220
7K23,7230
7K24,7240
7K25,7250
7K26,7260
7K27,7270
7K28,7280
7K29,7290
07K3,7300
7K31,7310
7K32,7320
7K33,7330
7K34,7340
7K35,7350
7K36,7360
7K37,7370
7K38,7380
7K39,7390
07K4,7400
7K41,7410
7K42,7420
7K43,7430
7K44,7440
7K45,7450
7K46,7460
7K47,7470
7K48,7480
7K49,7490
07K5,7500
7K51,7510
7K52,7520
7K53,7530
7K54,7540
7K55,7550
7K56,7560
7K57,7570
7K58,7580
7K59,7590
07K6,7600
7K61,7610
7K62,7620
7K63,7630
7K64,7640
7K65,7650
7K66,7660
7K67,7670
7K68,7680
7K69,7690
07K7,7700
7K71,7710
7K72,7720
7K73,7730
7K74,7740
7K75,7750
7K76,7760
7K77,7770
7K78,7780
7K79,7790
07K8,7800
7K81,7810
7K82,7820
7K83,7830
7K84,7840
7K85,7850
7K86,7860
7K87,7870
7K88,7880
7K89,7890
07K9,7900
7K91,7910
7K92,7920
7K93,7930
7K94,7940
7K95,7950
7K96,7960
7K97,7970
7K98,7980
7K99,7990
008K,8000
8K01,8010
8K02,8020
8K03,8030
8K04,8040
8K05,8050
8K06,8060
8K07,8070
8K08,8080
8K09,8090
08K1,8100
8K11,8110
8K12,8120
8K13,8130
8K14,8140
8K15,8150
8K16,8160
8K17,8170
8K18,8180
8K19,8190
08K2,8200
8K21,8210
8K22,8220
8K23,8230
8K24,8240
8K25,8250
8K26,8260
8K27,8270
8K28,8280
8K29,8290
08K3,8300
8K31,8310
8K32,8320
8K33,8330
8K34,8340
8K35,8350
8K36,8360
8K37,8370
8K38,8380
8K39,8390
08K4,8400
8K41,8410
8K42,8420
8K43,8430
8K44,8440
8K45,8450
8K46,8460
8K47,8470
8K48,8480
8K49,8490
08K5,8500
8K51,8510
8K52,8520
8K53,8530
8K54,8540
8K55,8550
8K56,8560
8K57,8570
8K58,8580
8K59,8590
08K6,8600
8K61,8610
8K62,8620
8K63,8630
8K64,8640
8K65,8650
8K66,8660
8K67,8670
8K68,8680
8K69,8690
08K7,8700
8K71,8710
8K72,8720
8K73,8730
8K74,8740
8K75,8750
8K76,8760
8K77,8770
8K78,8780
8K79,8790
08K8,8800
8K81,8810
8K82,8820
8K83,8830
8K84,8840
8K85,8850
8K86,8860
8K87,8870
8K88,8880
8K89,8890
08K9,8900
8K91,8910
8K92,8920
8K93,8930
8K94,8940
8K95,8950
8K96,8960
8K97,8970
8K98,8980
8K99,8990
009K,9000
9K01,9010
9K02,9020
9K03,9030
9K04,9040
9K05,9050
9K06,9060
9K07,9070
9K08,9080
9K09,9090
09K1,9100
9K11,9110
9K12,9120
9K13,9130
9K14,9140
9K15,9150
9K16,9160
9K17,9170
9K18,9180
9K19,9190
09K2,9200
9K21,9210
9K22,9220
9K23,9230
9K24,9240
9K25,9250
9K26,9260
9K27,9270
9K28,9280
9K29,9290
09K3,9300
9K31,9310
9K32,9320
9K33,9330
9K34,9340
9K35,9350
9K36,9360
9K37,9370
9K38,9380
9K39,9390
09K4,9400
9K41,9410
9K42,9420
9K43,9430
9K44,9440
9K45,9450
9K46,9460
9K47,9470
9K48,9480
9K49,9490
09K5,9500
9K51,9510
9K52,9520
9K53,9530
9K54,9540
9K55,9550
9K56,9560
9K57,9570
9K58,9580
9K59,9590
09K6,9600
9K61,9610
9K62,9620
9K63,9630
9K64,9640
9K65,9650
9K66,9660
9K67,9670
9K68,9680
9K69,9690
09K7,9700
9K71,9710
9K72,9720
9K73,9730
9K74,9740
9K75,9750
9K76,9760
9K77,9770
9K78,9780
9K79,9790
09K8,9800
9K81,9810
9K82,9820
9K83,9830
9K84,9840
9K85,9850
9K86,9860
9K87,9870
9K88,9880
9K89,9890
09K9,9900
9K91,9910
9K92,9920
9K93,9930
9K94,9940
9K95,9950
9K96,9960
9K97,9970
9K98,9980
9K99,9990
010K,10000
10K1,10100
10K2,10200
10K3,10300
10K4,10400
10K5,10500
10K6,10600
10K7,10700
10K8,10800
10K9,10900
011K,11000
11K1,11100
11K2,11200
11K3,11300
11K4,11400
11K5,11500
11K6,11600
11K7,11700
11K8,11800
11K9,11900
012K,12000
12K1,12100
12K2,12200
12K3,12300
12K4,12400
12K5,12500
12K6,12600
12K7,12700
12K8,12800
12K9,12900
013K,13000
13K1,13100
13K2,13200
13K3,13300
13K4,13400
13K5,13500
13K6,13600
13K7,13700
13K8,13800
13K9,13900
014K,14000
14K1,14100
14K2,14200
14K3,14300
14K4,14400
14K5,14500
14K6,14600
14K7,14700
14K8,14800
14K9,14900
015K,15000
15K1,15100
15K2,15200
15K3,15300
15K4,15400
15K5,15500
15K6,15600
15K7,15700
15K8,15800
15K9,15900
016K,16000
16K1,16100
16K2,16200
16K3,16300
16K4,16400
16K5,16500
16K6,16600
16K7,16700
16K8,16800
16K9,16900
017K,17000
17K1,17100
17K2,17200
17K3,17300
17K4,17400
17K5,17500
17K6,17600
17K7,17700
17K8,17800
17K9,17900
018K,18000
18K1,18100
18K2,18200
18K3,18300
18K4,18400
18K5,18500
18K6,18600
18K7,18700
18K8,18800
18K9,18900
019K,19000
19K1,19100
19K2,19200
19K3,19300
19K4,19400
19K5,19500
19K6,19600
19K7,19700
19K8,19800
19K9,19900
020K,20000
20K1,20100
20K2,20200
20K3,20300
20K4,20400
20K5,20500
20K6,20600
20K7,20700
20K8,20800
20K9,20900
021K,21000
21K1,21100
21K2,21200
21K3,21300
21K4,21400
21K5,21500
21K6,21600
21K7,21700
21K8,21800
21K9,21900
022K,22000
22K1,22100
22K2,22200
22K3,22300
22K4,22400
22K5,22500
22K6,22600
22K7,22700
22K8,22800
22K9,22900
023K,23000
23K1,23100
23K2,23200
23K3,23300
23K4,23400
23K5,23500
23K6,23600
23K7,23700
23K8,23800
23K9,23900
024K,24000
24K1,24100
24K2,24200
24K3,24300
24K4,24400
24K5,24500
24K6,24600
24K7,24700
24K8,24800
24K9,24900
025K,25000
025K,25100
025K,25200
025K,25300
025K,25400
025K,25500
025K,25600
025K,25700
025K,25800
025K,25900
026K,26000
26K1,26100
26K2,26200
26K3,26300
26K4,26400
26K5,26500
26K6,26600
26K7,26700
26K8,26800
26K9,26900
027K,27000
27K1,27100
27K2,27200
27K3,27300
27K4,27400
27K5,27500
27K6,27600
27K7,27700
27K8,27800
27K9,27900
028K,28000
28K1,28100
28K2,28200
28K3,28300
28K4,28400
28K5,28500
28K6,28600
28K7,28700
28K8,28800
28K9,28900
029K,29000
29K1,29100
29K2,29200
29K3,29300
29K4,29400
29K5,29500
29K6,29600
29K7,29700
29K8,29800
29K9,29900
030K,30000
30K1,30100
30K2,30200
30K3,30300
30K4,30400
30K5,30500
30K6,30600
30K7,30700
30K8,30800
30K9,30900
031K,31000
31K1,31100
31K2,31200
31K3,31300
31K4,31400
31K5,31500
31K6,31600
31K7,31700
31K8,31800
31K9,31900
032K,32000
32K1,32100
32K2,32200
32K3,32300
32K4,32400
32K5,32500
32K6,32600
32K7,32700
32K8,32800
32K9,32900
033K,33000
33K1,33100
33K2,33200
33K3,33300
33K4,33400
33K5,33500
33K6,33600
33K7,33700
33K8,33800
33K9,33900
034K,34000
34K1,34100
34K2,34200
34K3,34300
34K4,34400
34K5,34500
34K6,34600
34K7,34700
34K8,34800
34K9,34900
035K,35000
35K1,35100
35K2,35200
35K3,35300
35K4,35400
35K5,35500
35K6,35600
35K7,35700
35K8,35800
35K9,35900
036K,36000
36K1,36100
36K2,36200
36K3,36300
36K4,36400
36K5,36500
36K6,36600
36K7,36700
36K8,36800
36K9,36900
037K,37000
37K1,37100
37K2,37200
37K3,37300
37K4,37400
37K5,37500
37K6,37600
37K7,37700
37K8,37800
37K9,37900
038K,38000
38K1,38100
38K2,38200
38K3,38300
38K4,38400
38K5,38500
38K6,38600
38K7,38700
38K8,38800
38K9,38900
039K,39000
39K1,39100
39K2,39200
39K3,39300
39K4,39400
39K5,39500
39K6,39600
39K7,39700
39K8,39800
39K9,39900
040K,40000
40K1,40100
40K2,40200
40K3,40300
40K4,40400
40K5,40500
40K6,40600
40K7,40700
40K8,40800
40K9,40900
041K,41000
41K1,41100
41K2,41200
41K3,41300
41K4,41400
41K5,41500
41K6,41600
41K7,41700
41K8,41800
41K9,41900
042K,42000
42K1,42100
42K2,42200
42K3,42300
42K4,42400
42K5,42500
42K6,42600
42K7,42700
42K8,42800
42K9,42900
043K,43000
43K1,43100
43K2,43200
43K3,43300
43K4,43400
43K5,43500
43K6,43600
43K7,43700
43K8,43800
43K9,43900
044K,44000
44K1,44100
44K2,44200
44K3,44300
44K4,44400
44K5,44500
44K6,44600
44K7,44700
44K8,44800
44K9,44900
045K,45000
45K1,45100
45K2,45200
45K3,45300
45K4,45400
45K5,45500
45K6,45600
45K7,45700
45K8,45800
45K9,45900
046K,46000
46K1,46100
46K2,46200
46K3,46300
46K4,46400
46K5,46500
46K6,46600
46K7,46700
46K8,46800
46K9,46900
047K,47000
47K1,47100
47K2,47200
47K3,47300
47K4,47400
47K5,47500
47K6,47600
47K7,47700
47K8,47800
47K9,47900
048K,48000
48K1,48100
48K2,48200
48K3,48300
48K4,48400
48K5,48500
48K6,48600
48K7,48700
48K8,48800
48K9,48900
049K,49000
49K1,49100
49K2,49200
49K3,49300
49K4,49400
49K5,49500
49K6,49600
49K7,49700
49K8,49800
49K9,49900
050K,50000
50K1,50100
50K2,50200
50K3,50300
50K4,50400
50K5,50500
50K6,50600
50K7,50700
50K8,50800
50K9,50900
051K,51000
51K1,51100
51K2,51200
51K3,51300
51K4,51400
51K5,51500
51K6,51600
51K7,51700
51K8,51800
51K9,51900
052K,52000
52K1,52100
52K2,52200
52K3,52300
52K4,52400
52K5,52500
52K6,52600
52K7,52700
52K8,52800
52K9,52900
053K,53000
53K1,53100
53K2,53200
53K3,53300
53K4,53400
53K5,53500
53K6,53600
53K7,53700
53K8,53800
53K9,53900
054K,54000
54K1,54100
54K2,54200
54K3,54300
54K4,54400
54K5,54500
54K6,54600
54K7,54700
54K8,54800
54K9,54900
055K,55000
55K1,55100
55K2,55200
55K3,55300
55K4,55400
55K5,55500
55K6,55600
55K7,55700
55K8,55800
55K9,55900
056K,56000
56K1,56100
56K2,56200
56K3,56300
56K4,56400
56K5,56500
56K6,56600
56K7,56700
56K8,56800
56K9,56900
057K,57000
57K1,57100
57K2,57200
57K3,57300
57K4,57400
57K5,57500
57K6,57600
57K7,57700
57K8,57800
57K9,57900
058K,58000
58K1,58100
58K2,58200
58K3,58300
58K4,58400
58K5,58500
58K6,58600
58K7,58700
58K8,58800
58K9,58900
059K,59000
59K1,59100
59K2,59200
59K3,59300
59K4,59400
59K5,59500
59K6,59600
59K7,59700
59K8,59800
59K9,59900
060K,60000
60K1,60100
60K2,60200
60K3,60300
60K4,60400
60K5,60500
60K6,60600
60K7,60700
60K8,60800
60K9,60900
061K,61000
61K1,61100
61K2,61200
61K3,61300
61K4,61400
61K5,61500
61K6,61600
61K7,61700
61K8,61800
61K9,61900
062K,62000
62K1,62100
62K2,62200
62K3,62300
62K4,62400
62K5,62500
62K6,62600
62K7,62700
62K8,62800
62K9,62900
063K,63000
63K1,63100
63K2,63200
63K3,63300
63K4,63400
63K5,63500
63K6,63600
63K7,63700
63K8,63800
63K9,63900
064K,64000
64K1,64100
64K2,64200
64K3,64300
64K4,64400
64K5,64500
64K6,64600
64K7,64700
64K8,64800
64K9,64900
065K,65000
65K1,65100
65K2,65200
65K3,65300
65K4,65400
65K5,65500
65K6,65600
65K7,65700
65K8,65800
65K9,65900
066K,66000
66K1,66100
66K2,66200
66K3,66300
66K4,66400
66K5,66500
66K6,66600
66K7,66700
66K8,66800
66K9,66900
067K,67000
67K1,67100
67K2,67200
67K3,67300
67K4,67400
67K5,67500
67K6,67600
67K7,67700
67K8,67800
67K9,67900
068K,68000
68K1,68100
68K2,68200
68K3,68300
68K4,68400
68K5,68500
68K6,68600
68K7,68700
68K8,68800
68K9,68900
069K,69000
69K1,69100
69K2,69200
69K3,69300
69K4,69400
69K5,69500
69K6,69600
69K7,69700
69K8,69800
69K9,69900
070K,70000
70K1,70100
70K2,70200
70K3,70300
70K4,70400
70K5,70500
70K6,70600
70K7,70700
70K8,70800
70K9,70900
071K,71000
71K1,71100
71K2,71200
71K3,71300
71K4,71400
71K5,71500
71K6,71600
71K7,71700
71K8,71800
71K9,71900
072K,72000
72K1,72100
72K2,72200
72K3,72300
72K4,72400
72K5,72500
72K6,72600
72K7,72700
72K8,72800
72K9,72900
073K,73000
73K1,73100
73K2,73200
73K3,73300
73K4,73400
73K5,73500
73K6,73600
73K7,73700
73K8,73800
73K9,73900
074K,74000
74K1,74100
74K2,74200
74K3,74300
74K4,74400
74K5,74500
74K6,74600
74K7,74700
74K8,74800
74K9,74900
075K,75000
75K1,75100
75K2,75200
75K3,75300
75K4,75400
75K5,75500
75K6,75600
75K7,75700
75K8,75800
75K9,75900
076K,76000
76K1,76100
76K2,76200
76K3,76300
76K4,76400
76K5,76500
76K6,76600
76K7,76700
76K8,76800
76K9,76900
077K,77000
77K1,77100
77K2,77200
77K3,77300
77K4,77400
77K5,77500
77K6,77600
77K7,77700
77K8,77800
77K9,77900
078K,78000
78K1,78100
78K2,78200
78K3,78300
78K4,78400
78K5,78500
78K6,78600
78K7,78700
78K8,78800
78K9,78900
079K,79000
79K1,79100
79K2,79200
79K3,79300
79K4,79400
79K5,79500
79K6,79600
79K7,79700
79K8,79800
79K9,79900
080K,80000
80K1,80100
80K2,80200
80K3,80300
80K4,80400
80K5,80500
80K6,80600
80K7,80700
80K8,80800
80K9,80900
081K,81000
81K1,81100
81K2,81200
81K3,81300
81K4,81400
81K5,81500
81K6,81600
81K7,81700
81K8,81800
81K9,81900
082K,82000
82K1,82100
82K2,82200
82K3,82300
82K4,82400
82K5,82500
82K6,82600
82K7,82700
82K8,82800
82K9,82900
083K,83000
83K1,83100
83K2,83200
83K3,83300
83K4,83400
83K5,83500
83K6,83600
83K7,83700
83K8,83800
83K9,83900
084K,84000
84K1,84100
84K2,84200
84K3,84300
84K4,84400
84K5,84500
84K6,84600
84K7,84700
84K8,84800
84K9,84900
085K,85000
85K1,85100
85K2,85200
85K3,85300
85K4,85400
85K5,85500
85K6,85600
85K7,85700
85K8,85800
85K9,85900
086K,86000
86K1,86100
86K2,86200
86K3,86300
86K4,86400
86K5,86500
86K6,86600
86K7,86700
86K8,86800
86K9,86900
087K,87000
87K1,87100
87K2,87200
87K3,87300
87K4,87400
87K5,87500
87K6,87600
87K7,87700
87K8,87800
87K9,87900
088K,88000
88K1,88100
88K2,88200
88K3,88300
88K4,88400
88K5,88500
88K6,88600
88K7,88700
88K8,88800
88K9,88900
089K,89000
89K1,89100
89K2,89200
89K3,89300
89K4,89400
89K5,89500
89K6,89600
89K7,89700
89K8,89800
89K9,89900
090K,90000
90K1,90100
90K2,90200
90K3,90300
90K4,90400
90K5,90500
90K6,90600
90K7,90700
90K8,90800
90K9,90900
091K,91000
91K1,91100
91K2,91200
91K3,91300
91K4,91400
91K5,91500
91K6,91600
91K7,91700
91K8,91800
91K9,91900
092K,92000
92K1,92100
92K2,92200
92K3,92300
92K4,92400
92K5,92500
92K6,92600
92K7,92700
92K8,92800
92K9,92900
093K,93000
93K1,93100
93K2,93200
93K3,93300
93K4,93400
93K5,93500
93K6,93600
93K7,93700
93K8,93800
93K9,93900
094K,94000
94K1,94100
94K2,94200
94K3,94300
94K4,94400
94K5,94500
94K6,94600
94K7,94700
94K8,94800
94K9,94900
095K,95000
95K1,95100
95K2,95200
95K3,95300
95K4,95400
95K5,95500
95K6,95600
95K7,95700
95K8,95800
95K9,95900
096K,96000
96K1,96100
96K2,96200
96K3,96300
96K4,96400
96K5,96500
96K6,96600
96K7,96700
96K8,96800
96K9,96900
097K,97000
97K1,97100
97K2,97200
97K3,97300
97K4,97400
97K5,97500
97K6,97600
97K7,97700
97K8,97800
97K9,97900
098K,98000
98K1,98100
98K2,98200
98K3,98300
98K4,98400
98K5,98500
98K6,98600
98K7,98700
98K8,98800
98K9,98900
099K,99000
99K1,99100
99K2,99200
99K3,99300
99K4,99400
99K5,99500
99K6,99600
99K7,99700
99K8,99800
99K9,99900
100K,100000
101K,101000
102K,102000
103K,103000
104K,104000
105K,105000
106K,106000
107K,107000
108K,108000
109K,109000
110K,110000
111K,111000
112K,112000
113K,113000
114K,114000
115K,115000
116K,116000
117K,117000
118K,118000
119K,119000
120K,120000
121K,121000
122K,122000
123K,123000
124K,124000
125K,125000
126K,126000
127K,127000
128K,128000
129K,129000
130K,130000
131K,131000
132K,132000
133K,133000
134K,134000
135K,135000
136K,136000
137K,137000
138K,138000
139K,139000
140K,140000
141K,141000
142K,142000
143K,143000
144K,144000
145K,145000
146K,146000
147K,147000
148K,148000
149K,149000
150K,150000
151K,151000
152K,152000
153K,153000
154K,154000
155K,155000
156K,156000
157K,157000
158K,158000
159K,159000
160K,160000
161K,161000
162K,162000
163K,163000
164K,164000
165K,165000
166K,166000
167K,167000
168K,168000
169K,169000
170K,170000
171K,171000
172K,172000
173K,173000
174K,174000
175K,175000
176K,176000
177K,177000
178K,178000
179K,179000
180K,180000
181K,181000
182K,182000
183K,183000
184K,184000
185K,185000
186K,186000
187K,187000
188K,188000
189K,189000
190K,190000
191K,191000
192K,192000
193K,193000
194K,194000
195K,195000
196K,196000
197K,197000
198K,198000
199K,199000
200K,200000
201K,201000
202K,202000
203K,203000
204K,204000
205K,205000
206K,206000
207K,207000
208K,208000
209K,209000
210K,210000
211K,211000
212K,212000
213K,213000
214K,214000
215K,215000
216K,216000
217K,217000
218K,218000
219K,219000
220K,220000
221K,221000
222K,222000
223K,223000
224K,224000
225K,225000
226K,226000
227K,227000
228K,228000
229K,229000
230K,230000
231K,231000
232K,232000
233K,233000
234K,234000
235K,235000
236K,236000
237K,237000
238K,238000
239K,239000
240K,240000
241K,241000
242K,242000
243K,243000
244K,244000
245K,245000
246K,246000
247K,247000
248K,248000
249K,249000
250K,250000
251K,251000
252K,252000
253K,253000
254K,254000
255K,255000
256K,256000
257K,257000
258K,258000
259K,259000
260K,260000
261K,261000
262K,262000
263K,263000
264K,264000
265K,265000
266K,266000
267K,267000
268K,268000
269K,269000
270K,270000
271K,271000
272K,272000
273K,273000
274K,274000
275K,275000
276K,276000
277K,277000
278K,278000
279K,279000
280K,280000
281K,281000
282K,282000
283K,283000
284K,284000
285K,285000
286K,286000
287K,287000
288K,288000
289K,289000
290K,290000
291K,291000
292K,292000
293K,293000
294K,294000
295K,295000
296K,296000
297K,297000
298K,298000
299K,299000
300K,300000
301K,301000
302K,302000
303K,303000
304K,304000
305K,305000
306K,306000
307K,307000
308K,308000
309K,309000
310K,310000
311K,311000
312K,312000
313K,313000
314K,314000
315K,315000
316K,316000
317K,317000
318K,318000
319K,319000
320K,320000
321K,321000
322K,322000
323K,323000
324K,324000
325K,325000
326K,326000
327K,327000
328K,328000
329K,329000
330K,330000
331K,331000
332K,332000
333K,333000
334K,334000
335K,335000
336K,336000
337K,337000
338K,338000
339K,339000
340K,340000
341K,341000
342K,342000
343K,343000
344K,344000
345K,345000
346K,346000
347K,347000
348K,348000
349K,349000
350K,350000
351K,351000
352K,352000
353K,353000
354K,354000
355K,355000
356K,356000
357K,357000
358K,358000
359K,359000
360K,360000
361K,361000
362K,362000
363K,363000
364K,364000
365K,365000
366K,366000
367K,367000
368K,368000
369K,369000
370K,370000
371K,371000
372K,372000
373K,373000
374K,374000
375K,375000
376K,376000
377K,377000
378K,378000
379K,379000
380K,380000
381K,381000
382K,382000
383K,383000
384K,384000
385K,385000
386K,386000
387K,387000
388K,388000
389K,389000
390K,390000
391K,391000
392K,392000
393K,393000
394K,394000
395K,395000
396K,396000
397K,397000
398K,398000
399K,399000
400K,400000
401K,401000
402K,402000
403K,403000
404K,404000
405K,405000
406K,406000
407K,407000
408K,408000
409K,409000
410K,410000
411K,411000
412K,412000
413K,413000
414K,414000
415K,415000
416K,416000
417K,417000
418K,418000
419K,419000
420K,420000
421K,421000
422K,422000
423K,423000
424K,424000
425K,425000
426K,426000
427K,427000
428K,428000
429K,429000
430K,430000
431K,431000
432K,432000
433K,433000
434K,434000
435K,435000
436K,436000
437K,437000
438K,438000
439K,439000
440K,440000
441K,441000
442K,442000
443K,443000
444K,444000
445K,445000
446K,446000
447K,447000
448K,448000
449K,449000
450K,450000
451K,451000
452K,452000
453K,453000
454K,454000
455K,455000
456K,456000
457K,457000
458K,458000
459K,459000
460K,460000
461K,461000
462K,462000
463K,463000
464K,464000
465K,465000
466K,466000
467K,467000
468K,468000
469K,469000
470K,470000
471K,471000
472K,472000
473K,473000
474K,474000
475K,475000
476K,476000
477K,477000
478K,478000
479K,479000
480K,480000
481K,481000
482K,482000
483K,483000
484K,484000
485K,485000
486K,486000
487K,487000
488K,488000
489K,489000
490K,490000
491K,491000
492K,492000
493K,493000
494K,494000
495K,495000
496K,496000
497K,497000
498K,498000
499K,499000
500K,500000
501K,501000
502K,502000
503K,503000
504K,504000
505K,505000
506K,506000
507K,507000
508K,508000
509K,509000
510K,510000
511K,511000
512K,512000
513K,513000
514K,514000
515K,515000
516K,516000
517K,517000
518K,518000
519K,519000
520K,520000
521K,521000
522K,522000
523K,523000
524K,524000
525K,525000
526K,526000
527K,527000
528K,528000
529K,529000
530K,530000
531K,531000
532K,532000
533K,533000
534K,534000
535K,535000
536K,536000
537K,537000
538K,538000
539K,539000
540K,540000
541K,541000
542K,542000
543K,543000
544K,544000
545K,545000
546K,546000
547K,547000
548K,548000
549K,549000
550K,550000
551K,551000
552K,552000
553K,553000
554K,554000
555K,555000
556K,556000
557K,557000
558K,558000
559K,559000
560K,560000
561K,561000
562K,562000
563K,563000
564K,564000
565K,565000
566K,566000
567K,567000
568K,568000
569K,569000
570K,570000
571K,571000
572K,572000
573K,573000
574K,574000
575K,575000
576K,576000
577K,577000
578K,578000
579K,579000
580K,580000
581K,581000
582K,582000
583K,583000
584K,584000
585K,585000
586K,586000
587K,587000
588K,588000
589K,589000
590K,590000
591K,591000
592K,592000
593K,593000
594K,594000
595K,595000
596K,596000
597K,597000
598K,598000
599K,599000
600K,600000
601K,601000
602K,602000
603K,603000
604K,604000
605K,605000
606K,606000
607K,607000
608K,608000
609K,609000
610K,610000
611K,611000
612K,612000
613K,613000
614K,614000
615K,615000
616K,616000
617K,617000
618K,618000
619K,619000
620K,620000
621K,621000
622K,622000
623K,623000
624K,624000
625K,625000
626K,626000
627K,627000
628K,628000
629K,629000
630K,630000
631K,631000
632K,632000
633K,633000
634K,634000
635K,635000
636K,636000
637K,637000
638K,638000
639K,639000
640K,640000
641K,641000
642K,642000
643K,643000
644K,644000
645K,645000
646K,646000
647K,647000
648K,648000
649K,649000
650K,650000
651K,651000
652K,652000
653K,653000
654K,654000
655K,655000
656K,656000
657K,657000
658K,658000
659K,659000
660K,660000
661K,661000
662K,662000
663K,663000
664K,664000
665K,665000
666K,666000
667K,667000
668K,668000
669K,669000
670K,670000
671K,671000
672K,672000
673K,673000
674K,674000
675K,675000
676K,676000
677K,677000
678K,678000
679K,679000
680K,680000
681K,681000
682K,682000
683K,683000
684K,684000
685K,685000
686K,686000
687K,687000
688K,688000
689K,689000
690K,690000
691K,691000
692K,692000
693K,693000
694K,694000
695K,695000
696K,696000
697K,697000
698K,698000
699K,699000
700K,700000
701K,701000
702K,702000
703K,703000
704K,704000
705K,705000
706K,706000
707K,707000
708K,708000
709K,709000
710K,710000
711K,711000
712K,712000
713K,713000
714K,714000
715K,715000
716K,716000
717K,717000
718K,718000
719K,719000
720K,720000
721K,721000
722K,722000
723K,723000
724K,724000
725K,725000
726K,726000
727K,727000
728K,728000
729K,729000
730K,730000
731K,731000
732K,732000
733K,733000
734K,734000
735K,735000
736K,736000
737K,737000
738K,738000
739K,739000
740K,740000
741K,741000
742K,742000
743K,743000
744K,744000
745K,745000
746K,746000
747K,747000
748K,748000
749K,749000
750K,750000
751K,751000
752K,752000
753K,753000
754K,754000
755K,755000
756K,756000
757K,757000
758K,758000
759K,759000
760K,760000
761K,761000
762K,762000
763K,763000
764K,764000
765K,765000
766K,766000
767K,767000
768K,768000
769K,769000
770K,770000
771K,771000
772K,772000
773K,773000
774K,774000
775K,775000
776K,776000
777K,777000
778K,778000
779K,779000
780K,780000
781K,781000
782K,782000
783K,783000
784K,784000
785K,785000
786K,786000
787K,787000
788K,788000
789K,789000
790K,790000
791K,791000
792K,792000
793K,793000
794K,794000
795K,795000
796K,796000
797K,797000
798K,798000
799K,799000
800K,800000
801K,801000
802K,802000
803K,803000
804K,804000
805K,805000
806K,806000
807K,807000
808K,808000
809K,809000
810K,810000
811K,811000
812K,812000
813K,813000
814K,814000
815K,815000
816K,816000
817K,817000
818K,818000
819K,819000
820K,820000
821K,821000
822K,822000
823K,823000
824K,824000
825K,825000
826K,826000
827K,827000
828K,828000
829K,829000
830K,830000
831K,831000
832K,832000
833K,833000
834K,834000
835K,835000
836K,836000
837K,837000
838K,838000
839K,839000
840K,840000
841K,841000
842K,842000
843K,843000
844K,844000
845K,845000
846K,846000
847K,847000
848K,848000
849K,849000
850K,850000
851K,851000
852K,852000
853K,853000
854K,854000
855K,855000
856K,856000
857K,857000
858K,858000
859K,859000
860K,860000
861K,861000
862K,862000
863K,863000
864K,864000
865K,865000
866K,866000
867K,867000
868K,868000
869K,869000
870K,870000
871K,871000
872K,872000
873K,873000
874K,874000
875K,875000
876K,876000
877K,877000
878K,878000
879K,879000
880K,880000
881K,881000
882K,882000
883K,883000
884K,884000
885K,885000
886K,886000
887K,887000
888K,888000
889K,889000
890K,890000
891K,891000
892K,892000
893K,893000
894K,894000
895K,895000
896K,896000
897K,897000
898K,898000
899K,899000
900K,900000
901K,901000
902K,902000
903K,903000
904K,904000
905K,905000
906K,906000
907K,907000
908K,908000
909K,909000
910K,910000
911K,911000
912K,912000
913K,913000
914K,914000
915K,915000
916K,916000
917K,917000
918K,918000
919K,919000
920K,920000
921K,921000
922K,922000
923K,923000
924K,924000
925K,925000
926K,926000
927K,927000
928K,928000
929K,929000
930K,930000
931K,931000
932K,932000
933K,933000
934K,934000
935K,935000
936K,936000
937K,937000
938K,938000
939K,939000
940K,940000
941K,941000
942K,942000
943K,943000
944K,944000
945K,945000
946K,946000
947K,947000
948K,948000
949K,949000
950K,950000
951K,951000
952K,952000
953K,953000
954K,954000
955K,955000
956K,956000
957K,957000
958K,958000
959K,959000
960K,960000
961K,961000
962K,962000
963K,963000
964K,964000
965K,965000
966K,966000
967K,967000
968K,968000
969K,969000
970K,970000
971K,971000
972K,972000
973K,973000
974K,974000
975K,975000
976K,976000
977K,977000
978K,978000
979K,979000
980K,980000
981K,981000
982K,982000
983K,983000
984K,984000
985K,985000
986K,986000
987K,987000
988K,988000
989K,989000
990K,990000
991K,991000
992K,992000
993K,993000
994K,994000
995K,995000
996K,996000
997K,997000
998K,998000
999K,999000
001M,1000000
1M01,1010000
1M02,1020000
1M03,1030000
1M04,1040000
1M05,1050000
1M06,1060000
1M07,1070000
1M08,1080000
1M09,1090000
01M1,1100000
1M11,1110000
1M12,1120000
1M13,1130000
1M14,1140000
1M15,1150000
1M16,1160000
1M17,1170000
1M18,1180000
1M19,1190000
01M2,1200000
1M21,1210000
1M22,1220000
1M23,1230000
1M24,1240000
1M25,1250000
1M26,1260000
1M27,1270000
1M28,1280000
1M29,1290000
01M3,1300000
1M31,1310000
1M32,1320000
1M33,1330000
1M34,1340000
1M35,1350000
1M36,1360000
1M37,1370000
1M38,1380000
1M39,1390000
01M4,1400000
1M41,1410000
1M42,1420000
1M43,1430000
1M44,1440000
1M45,1450000
1M46,1460000
1M47,1470000
1M48,1480000
1M49,1490000
01M5,1500000
1M51,1510000
1M52,1520000
1M53,1530000
1M54,1540000
1M55,1550000
1M56,1560000
1M57,1570000
1M58,1580000
1M59,1590000
01M6,1600000
1M61,1610000
1M62,1620000
1M63,1630000
1M64,1640000
1M65,1650000
1M66,1660000
1M67,1670000
1M68,1680000
1M69,1690000
01M7,1700000
1M71,1710000
1M72,1720000
1M73,1730000
1M74,1740000
1M75,1750000
1M76,1760000
1M77,1770000
1M78,1780000
1M79,1790000
01M8,1800000
1M81,1810000
1M82,1820000
1M83,1830000
1M84,1840000
1M85,1850000
1M86,1860000
1M87,1870000
1M88,1880000
1M89,1890000
01M9,1900000
1M91,1910000
1M92,1920000
1M93,1930000
1M94,1940000
1M95,1950000
1M96,1960000
1M97,1970000
1M98,1980000
1M99,1990000
002M,2000000
2M01,2010000
2M02,2020000
2M03,2030000
2M04,2040000
2M05,2050000
2M06,2060000
2M07,2070000
2M08,2080000
2M09,2090000
02M1,2100000
2M11,2110000
2M12,2120000
2M13,2130000
2M14,2140000
2M15,2150000
2M16,2160000
2M17,2170000
2M18,2180000
2M19,2190000
02M2,2200000
2M21,2210000
2M22,2220000
2M23,2230000
2M24,2240000
2M25,2250000
2M26,2260000
2M27,2270000
2M28,2280000
2M29,2290000
02M3,2300000
2M31,2310000
2M32,2320000
2M33,2330000
2M34,2340000
2M35,2350000
2M36,2360000
2M37,2370000
2M38,2380000
2M39,2390000
02M4,2400000
2M41,2410000
2M42,2420000
2M43,2430000
2M44,2440000
2M45,2450000
2M46,2460000
2M47,2470000
2M48,2480000
2M49,2490000
02M5,2500000
2M51,2510000
2M52,2520000
2M53,2530000
2M54,2540000
2M55,2550000
2M56,2560000
2M57,2570000
2M58,2580000
2M59,2590000
02M6,2600000
2M61,2610000
2M62,2620000
2M63,2630000
2M64,2640000
2M65,2650000
2M66,2660000
2M67,2670000
2M68,2680000
2M69,2690000
02M7,2700000
2M71,2710000
2M72,2720000
2M73,2730000
2M74,2740000
2M75,2750000
2M76,2760000
2M77,2770000
2M78,2780000
2M79,2790000
02M8,2800000
2M81,2810000
2M82,2820000
2M83,2830000
2M84,2840000
2M85,2850000
2M86,2860000
2M87,2870000
2M88,2880000
2M89,2890000
02M9,2900000
2M91,2910000
2M92,2920000
2M93,2930000
2M94,2940000
2M95,2950000
2M96,2960000
2M97,2970000
2M98,2980000
2M99,2990000
003M,3000000
3M01,3010000
3M02,3020000
3M03,3030000
3M04,3040000
3M05,3050000
3M06,3060000
3M07,3070000
3M08,3080000
3M09,3090000
03M1,3100000
3M11,3110000
3M12,3120000
3M13,3130000
3M14,3140000
3M15,3150000
3M16,3160000
3M17,3170000
3M18,3180000
3M19,3190000
03M2,3200000
3M21,3210000
3M22,3220000
3M23,3230000
3M24,3240000
3M25,3250000
3M26,3260000
3M27,3270000
3M28,3280000
3M29,3290000
03M3,3300000
3M31,3310000
3M32,3320000
3M33,3330000
3M34,3340000
3M35,3350000
3M36,3360000
3M37,3370000
3M38,3380000
3M39,3390000
03M4,3400000
3M41,3410000
3M42,3420000
3M43,3430000
3M44,3440000
3M45,3450000
3M46,3460000
3M47,3470000
3M48,3480000
3M49,3490000
03M5,3500000
3M51,3510000
3M52,3520000
3M53,3530000
3M54,3540000
3M55,3550000
3M56,3560000
3M57,3570000
3M58,3580000
3M59,3590000
03M6,3600000
3M61,3610000
3M62,3620000
3M63,3630000
3M64,3640000
3M65,3650000
3M66,3660000
3M67,3670000
3M68,3680000
3M69,3690000
03M7,3700000
3M71,3710000
3M72,3720000
3M73,3730000
3M74,3740000
3M75,3750000
3M76,3760000
3M77,3770000
3M78,3780000
3M79,3790000
03M8,3800000
3M81,3810000
3M82,3820000
3M83,3830000
3M84,3840000
3M85,3850000
3M86,3860000
3M87,3870000
3M88,3880000
3M89,3890000
03M9,3900000
3M91,3910000
3M92,3920000
3M93,3930000
3M94,3940000
3M95,3950000
3M96,3960000
3M97,3970000
3M98,3980000
3M99,3990000
004M,4000000
4M01,4010000
4M02,4020000
4M03,4030000
4M04,4040000
4M05,4050000
4M06,4060000
4M07,4070000
4M08,4080000
4M09,4090000
04M1,4100000
4M11,4110000
4M12,4120000
4M13,4130000
4M14,4140000
4M15,4150000
4M16,4160000
4M17,4170000
4M18,4180000
4M19,4190000
04M2,4200000
4M21,4210000
4M22,4220000
4M23,4230000
4M24,4240000
4M25,4250000
4M26,4260000
4M27,4270000
4M28,4280000
4M29,4290000
04M3,4300000
4M31,4310000
4M32,4320000
4M33,4330000
4M34,4340000
4M35,4350000
4M36,4360000
4M37,4370000
4M38,4380000
4M39,4390000
04M4,4400000
4M41,4410000
4M42,4420000
4M43,4430000
4M44,4440000
4M45,4450000
4M46,4460000
4M47,4470000
4M48,4480000
4M49,4490000
04M5,4500000
4M51,4510000
4M52,4520000
4M53,4530000
4M54,4540000
4M55,4550000
4M56,4560000
4M57,4570000
4M58,4580000
4M59,4590000
04M6,4600000
4M61,4610000
4M62,4620000
4M63,4630000
4M64,4640000
4M65,4650000
4M66,4660000
4M67,4670000
4M68,4680000
4M69,4690000
04M7,4700000
4M71,4710000
4M72,4720000
4M73,4730000
4M74,4740000
4M75,4750000
4M76,4760000
4M77,4770000
4M78,4780000
4M79,4790000
04M8,4800000
4M81,4810000
4M82,4820000
4M83,4830000
4M84,4840000
4M85,4850000
4M86,4860000
4M87,4870000
4M88,4880000
4M89,4890000
04M9,4900000
4M91,4910000
4M92,4920000
4M93,4930000
4M94,4940000
4M95,4950000
4M96,4960000
4M97,4970000
4M98,4980000
4M99,4990000
005M,5000000
5M01,5010000
5M02,5020000
5M03,5030000
5M04,5040000
5M05,5050000
5M06,5060000
5M07,5070000
5M08,5080000
5M09,5090000
05M1,5100000
5M11,5110000
5M12,5120000
5M13,5130000
5M14,5140000
5M15,5150000
5M16,5160000
5M17,5170000
5M18,5180000
5M19,5190000
05M2,5200000
5M21,5210000
5M22,5220000
5M23,5230000
5M24,5240000
5M25,5250000
5M26,5260000
5M27,5270000
5M28,5280000
5M29,5290000
05M3,5300000
5M31,5310000
5M32,5320000
5M33,5330000
5M34,5340000
5M35,5350000
5M36,5360000
5M37,5370000
5M38,5380000
5M39,5390000
05M4,5400000
5M41,5410000
5M42,5420000
5M43,5430000
5M44,5440000
5M45,5450000
5M46,5460000
5M47,5470000
5M48,5480000
5M49,5490000
05M5,5500000
5M51,5510000
5M52,5520000
5M53,5530000
5M54,5540000
5M55,5550000
5M56,5560000
5M57,5570000
5M58,5580000
5M59,5590000
05M6,5600000
5M61,5610000
5M62,5620000
5M63,5630000
5M64,5640000
5M65,5650000
5M66,5660000
5M67,5670000
5M68,5680000
5M69,5690000
05M7,5700000
5M71,5710000
5M72,5720000
5M73,5730000
5M74,5740000
5M75,5750000
5M76,5760000
5M77,5770000
5M78,5780000
5M79,5790000
05M8,5800000
5M81,5810000
5M82,5820000
5M83,5830000
5M84,5840000
5M85,5850000
5M86,5860000
5M87,5870000
5M88,5880000
5M89,5890000
05M9,5900000
5M91,5910000
5M92,5920000
5M93,5930000
5M94,5940000
5M95,5950000
5M96,5960000
5M97,5970000
5M98,5980000
5M99,5990000
006M,6000000
6M01,6010000
6M02,6020000
6M03,6030000
6M04,6040000
6M05,6050000
6M06,6060000
6M07,6070000
6M08,6080000
6M09,6090000
06M1,6100000
6M11,6110000
6M12,6120000
6M13,6130000
6M14,6140000
6M15,6150000
6M16,6160000
6M17,6170000
6M18,6180000
6M19,6190000
06M2,6200000
6M21,6210000
6M22,6220000
6M23,6230000
6M24,6240000
6M25,6250000
6M26,6260000
6M27,6270000
6M28,6280000
6M29,6290000
06M3,6300000
6M31,6310000
6M32,6320000
6M33,6330000
6M34,6340000
6M35,6350000
6M36,6360000
6M37,6370000
6M38,6380000
6M39,6390000
06M4,6400000
6M41,6410000
6M42,6420000
6M43,6430000
6M44,6440000
6M45,6450000
6M46,6460000
6M47,6470000
6M48,6480000
6M49,6490000
06M5,6500000
6M51,6510000
6M52,6520000
6M53,6530000
6M54,6540000
6M55,6550000
6M56,6560000
6M57,6570000
6M58,6580000
6M59,6590000
06M6,6600000
6M61,6610000
6M62,6620000
6M63,6630000
6M64,6640000
6M65,6650000
6M66,6660000
6M67,6670000
6M68,6680000
6M69,6690000
06M7,6700000
6M71,6710000
6M72,6720000
6M73,6730000
6M74,6740000
6M75,6750000
6M76,6760000
6M77,6770000
6M78,6780000
6M79,6790000
06M8,6800000
6M81,6810000
6M82,6820000
6M83,6830000
6M84,6840000
6M85,6850000
6M86,6860000
6M87,6870000
6M88,6880000
6M89,6890000
06M9,6900000
6M91,6910000
6M92,6920000
6M93,6930000
6M94,6940000
6M95,6950000
6M96,6960000
6M97,6970000
6M98,6980000
6M99,6990000
007M,7000000
7M01,7010000
7M02,7020000
7M03,7030000
7M04,7040000
7M05,7050000
7M06,7060000
7M07,7070000
7M08,7080000
7M09,7090000
07M1,7100000
7M11,7110000
7M12,7120000
7M13,7130000
7M14,7140000
7M15,7150000
7M16,7160000
7M17,7170000
7M18,7180000
7M19,7190000
07M2,7200000
7M21,7210000
7M22,7220000
7M23,7230000
7M24,7240000
7M25,7250000
7M26,7260000
7M27,7270000
7M28,7280000
7M29,7290000
07M3,7300000
7M31,7310000
7M32,7320000
7M33,7330000
7M34,7340000
7M35,7350000
7M36,7360000
7M37,7370000
7M38,7380000
7M39,7390000
07M4,7400000
7M41,7410000
7M42,7420000
7M43,7430000
7M44,7440000
7M45,7450000
7M46,7460000
7M47,7470000
7M48,7480000
7M49,7490000
07M5,7500000
7M51,7510000
7M52,7520000
7M53,7530000
7M54,7540000
7M55,7550000
7M56,7560000
7M57,7570000
7M58,7580000
7M59,7590000
07M5,7600000
7M61,7610000
7M62,7620000
7M63,7630000
7M64,7640000
7M65,7650000
7M66,7660000
7M67,7670000
7M68,7680000
7M69,7690000
07M7,7700000
7M71,7710000
7M72,7720000
7M73,7730000
7M74,7740000
7M75,7750000
7M76,7760000
7M77,7770000
7M78,7780000
7M79,7790000
07M8,7800000
7M81,7810000
7M82,7820000
7M83,7830000
7M84,7840000
7M85,7850000
7M86,7860000
7M87,7870000
7M88,7880000
7M89,7890000
07M9,7900000
7M91,7910000
7M92,7920000
7M93,7930000
7M94,7940000
7M95,7950000
7M96,7960000
7M97,7970000
7M98,7980000
7M99,7990000
008M,8000000
8M01,8010000
8M02,8020000
8M03,8030000
8M04,8040000
8M05,8050000
8M06,8060000
8M07,8070000
8M08,8080000
8M09,8090000
08M1,8100000
8M11,8110000
8M12,8120000
8M13,8130000
8M14,8140000
8M15,8150000
8M16,8160000
8M17,8170000
8M18,8180000
8M19,8190000
08M2,8200000
8M21,8210000
8M22,8220000
8M23,8230000
8M24,8240000
8M25,8250000
8M26,8260000
8M27,8270000
8M28,8280000
8M29,8290000
08M3,8300000
8M31,8310000
8M32,8320000
8M33,8330000
8M34,8340000
8M35,8350000
8M36,8360000
8M37,8370000
8M38,8380000
8M39,8390000
08M4,8400000
8M41,8410000
8M42,8420000
8M43,8430000
8M44,8440000
8M45,8450000
8M46,8460000
8M47,8470000
8M48,8480000
8M49,8490000
08M5,8500000
8M51,8510000
8M52,8520000
8M53,8530000
8M54,8540000
8M55,8550000
8M56,8560000
8M57,8570000
8M58,8580000
8M59,8590000
08M6,8600000
8M61,8610000
8M62,8620000
8M63,8630000
8M64,8640000
8M65,8650000
8M66,8660000
8M67,8670000
8M68,8680000
8M69,8690000
08M7,8700000
8M71,8710000
8M72,8720000
8M73,8730000
8M74,8740000
8M75,8750000
8M76,8760000
8M77,8770000
8M78,8780000
8M79,8790000
08M8,8800000
8M81,8810000
8M82,8820000
8M83,8830000
8M84,8840000
8M85,8850000
8M86,8860000
8M87,8870000
8M88,8880000
8M89,8890000
08M9,8900000
8M91,8910000
8M92,8920000
8M93,8930000
8M94,8940000
8M95,8950000
8M96,8960000
8M97,8970000
8M98,8980000
8M99,8990000
009M,9000000
9M01,9010000
9M02,9020000
9M03,9030000
9M04,9040000
9M05,9050000
9M06,9060000
9M07,9070000
9M08,9080000
9M09,9090000
09M1,9100000
9M11,9110000
9M12,9120000
9M13,9130000
9M14,9140000
9M15,9150000
9M16,9160000
9M17,9170000
9M18,9180000
9M19,9190000
09M2,9200000
9M21,9210000
9M22,9220000
9M23,9230000
9M24,9240000
9M25,9250000
9M26,9260000
9M27,9270000
9M28,9280000
9M29,9290000
09M3,9300000
9M31,9310000
9M32,9320000
9M33,9330000
9M34,9340000
9M35,9350000
9M36,9360000
9M37,9370000
9M38,9380000
9M39,9390000
09M4,9400000
9M41,9410000
9M42,9420000
9M43,9430000
9M44,9440000
9M45,9450000
9M46,9460000
9M47,9470000
9M48,9480000
9M49,9490000
09M5,9500000
9M51,9510000
9M52,9520000
9M53,9530000
9M54,9540000
9M55,9550000
9M56,9560000
9M57,9570000
9M58,9580000
9M59,9590000
09M6,9600000
9M61,9610000
9M62,9620000
9M63,9630000
9M64,9640000
9M65,9650000
9M66,9660000
9M67,9670000
9M68,9680000
9M69,9690000
09M7,9700000
9M71,9710000
9M72,9720000
9M73,9730000
9M74,9740000
9M75,9750000
9M76,9760000
9M77,9770000
9M78,9780000
9M79,9790000
09M8,9800000
9M81,9810000
9M82,9820000
9M83,9830000
9M84,9840000
9M85,9850000
9M86,9860000
9M87,9870000
9M88,9880000
9M89,9890000
09M9,9900000
9M91,9910000
9M92,9920000
9M93,9930000
9M94,9940000
9M95,9950000
9M96,9960000
9M97,9970000
9M98,9980000
9M99,9990000
010M,10000000
